00000000.jpg,1238.3723,366.6187,-673.4771,1256.9061,333.53894,-609.1804,1264.3885,332.0033,-609.3299,1274.9232,331.56635,-609.38086,1223.3226,335.5666,-601.70636,1210.1398,335.2072,-601.77936,1197.1266,335.24524,-601.941,1295.089,346.24347,-220.6048,1179.6761,348.68353,-188.67657,1260.4174,396.67078,-528.2218,1216.6202,394.9417,-519.77594,1401.791,541.2206,-74.17173,1084.7466,533.6371,3.2068815,1441.1431,772.21497,-520.9057,1045.2476,749.834,-439.3761,1267.1407,592.9884,-1124.6875,1232.7817,576.22107,-1133.6904,1256.5123,532.1013,-1233.1605,1249.7964,527.5591,-1279.2163,1257.4968,518.7406,-1184.027,1244.2058,510.0993,-1217.1895,1259.9375,535.4908,-1113.3185,1241.0143,526.0375,-1123.4398,1294.7598,1003.56604,-85.402794,1126.7466,985.3484,85.82049,1276.6171,1356.6721,-53.82929,845.7011,1190.1871,-500.61627,1216.0697,1681.1613,444.2292,1182.8462,1129.8397,463.4683,1199.5065,1722.3787,481.15363,1231.7926,1098.4929,565.95776,1186.4773,1783.462,115.46437,1265.381,1274.9978,505.98227
00000001.jpg,376.017,181.8651,-308.84595,386.66312,162.5339,-274.43582,392.88617,162.27724,-274.50534,397.3138,162.30678,-274.54816,365.6537,163.3299,-268.10342,358.90088,163.73608,-268.1955,352.35092,164.4015,-268.29892,406.61407,169.15321,-66.71435,345.70224,172.29382,-40.91566,389.41522,200.85442,-229.94113,364.61618,201.64255,-222.62183,467.84253,276.94647,4.8734517,298.9966,280.4868,41.71114,517.3378,388.69073,-279.5866,246.36066,391.7125,-216.17474,391.7709,323.3364,-593.5715,375.32965,322.1083,-530.82556,375.3497,292.90436,-650.8261,386.9849,295.85144,-603.77625,375.03506,285.1712,-614.62744,383.30795,287.3558,-554.1608,379.2102,294.72766,-583.8006,381.3714,295.80054,-516.8996,410.8909,569.3146,-40.678097,317.319,554.39966,40.77528,389.91055,776.1396,-27.340546,151.31238,682.4671,-233.58104,361.9972,978.2229,235.92279,340.52655,654.9373,346.53186,346.64542,1003.02423,256.33243,373.54703,633.03186,408.54276,400.15652,1021.607,78.34285,385.41553,732.1301,389.95026
00000004.jpg,742.2662,214.11072,-965.0048,764.17096,181.84656,-879.1367,778.75,183.08466,-879.3504,792.4881,184.84381,-879.4331,720.8871,183.35803,-878.30585,708.03174,184.96161,-878.4266,692.9795,186.67365,-878.4985,810.63416,210.08136,-387.5819,678.75323,209.10236,-392.7432,771.5832,255.8529,-784.4464,715.9488,254.9632,-786.0064,937.1454,470.67355,-167.3832,557.56116,443.0379,-91.961464,1039.9784,749.5,-581.15686,455.67316,734.2548,-483.01074,799.9688,674.7688,-1425.587,688.04144,670.03723,-1330.4353,768.6932,625.10535,-1593.0928,736.20197,624.92676,-1511.3145,764.8163,593.196,-1544.7299,739.98584,595.1488,-1459.7764,771.66296,606.32947,-1416.8728,730.5697,606.7752,-1321.4062,799.0415,1045.6023,-89.52216,599.38214,998.0822,89.888405,764.6544,1424.677,-107.428276,274.35455,1127.3207,-821.19946,672.58594,1831.3071,496.47913,676.0303,1236.5859,211.71313,638.1123,1886.3157,534.80164,734.18317,1213.0546,313.5918,706.3806,1972.0259,25.714334,735.773,1423.0178,90.142624
00000005.jpg,881.55054,372.2159,-934.1857,908.0307,329.2179,-847.75946,919.7268,329.83417,-847.99646,932.3763,330.72937,-848.08075,859.80396,330.16302,-852.1325,840.266,331.07468,-852.3414,821.6228,332.56412,-852.5442,949.5559,347.02713,-320.64352,791.8116,348.8455,-340.9699,903.8886,419.89316,-733.5494,844.27844,418.80804,-740.3855,1077.7693,594.56775,-87.080215,663.42096,603.713,-72.82855,1213.5344,869.8253,-636.35034,591.9816,900.7451,-474.81583,930.9467,740.9485,-1419.5273,883.93933,725.229,-1109.0016,897.0026,669.342,-1559.0299,918.90906,654.6286,-1261.694,898.4691,642.3704,-1480.4409,909.30804,633.795,-1185.5625,907.16534,666.87994,-1399.9076,901.0559,657.0069,-1085.863,945.8755,1252.9446,-103.96418,719.35547,1216.3062,104.776955,894.3954,1694.8917,-28.528337,354.9937,1432.7512,-770.5664,818.49976,2084.5408,680.7122,798.9793,1467.0408,278.7606,798.9492,2132.5464,733.44385,866.05005,1436.3491,385.62994,828.13544,2244.5854,219.65608,886.3789,1659.5347,175.35687
00000006.jpg,1148.0941,616.9496,-1078.4513,1175.6976,557.0313,-948.20013,1192.6825,556.4615,-948.4659,1210.8125,556.81616,-948.89246,1112.4545,558.0206,-973.3048,1090.3077,557.5589,-973.34595,1069.9725,557.96173,-973.4342,1235.9319,583.85034,-214.35889,1033.2957,588.5222,-313.73563,1183.0082,675.44257,-800.47284,1105.5735,675.2196,-829.1025,1398.4404,944.165,214.64967,851.44965,921.2024,-68.82417,1549.2494,1319.2014,-336.64816,640.59955,1287.3636,-618.02246,1179.3076,1250.5027,-1511.4995,1029.5387,1255.1975,-1507.4269,1121.2458,1165.4835,-1743.8821,1089.8467,1177.1842,-1714.734,1119.2843,1129.7883,-1665.1674,1090.3209,1142.3694,-1652.3433,1133.9957,1153.0721,-1502.3982,1082.5723,1166.3901,-1487.7,1269.011,1730.4083,201.375,956.88513,1750.2069,-201.34447,1744.368,2188.9036,-356.7582,1007.2599,2390.6047,-262.5534,1168.9365,2082.8745,1398.1427,1091.5555,2944.2915,841.7112,1081.4108,1990.8243,1574.8429,1123.8774,3010.3916,924.7593,1023.48615,2349.098,1308.0925,1082.6183,3139.2424,248.56311
00000008.jpg,586.99884,150.63783,-297.35107,597.5163,133.12253,-255.39651,603.28973,133.11168,-255.43985,609.42,133.10716,-255.55301,574.8637,133.65388,-260.97095,566.7621,134.07463,-260.9939,559.8115,134.03142,-261.00256,619.7137,142.50139,-20.693367,549.0621,143.45872,-41.245384,599.0805,172.33543,-208.01361,571.99347,171.06828,-214.03308,673.227,253.14061,94.67401,497.7627,255.6539,34.94727,735.3798,364.41058,-111.01279,440.03967,376.78958,-170.6704,603.38525,344.27344,-433.86578,570.92523,342.80658,-439.54086,585.2747,309.7122,-498.63873,590.3625,312.575,-500.4674,587.19403,304.08432,-460.48306,587.8024,308.2776,-469.8264,591.43256,311.81363,-424.01044,583.6212,315.7987,-428.89554,645.23,517.3936,46.069984,544.56824,524.8336,-46.06716,815.6802,664.64905,-172.11555,562.12555,737.17346,-86.17903,621.2566,640.19183,413.09494,605.05914,917.69965,295.80972,598.14636,612.71405,472.7656,615.9959,942.40106,325.73105,577.6541,720.88837,384.34595,607.1434,984.4053,116.533104
00000009.JPG,2881.6558,454.38342,-751.12537,2887.2773,395.04706,-618.8666,2898.3835,393.75598,-619.0758,2909.3462,392.83374,-619.4598,2840.0557,396.8724,-732.2922,2815.5117,397.69363,-732.62366,2786.574,397.3072,-733.2082,2890.2883,420.34332,75.64009,2706.9602,425.43423,-415.21634,2897.0647,519.35364,-487.4127,2838.727,520.29266,-630.17975,3037.6592,792.9986,522.82904,2502.3071,808.15735,-439.51715,3207.8696,1230.7836,-52.95815,2564.9016,1202.1776,-970.50275,2952.609,898.5309,-1250.5209,2874.8552,881.4407,-1336.7202,2930.5918,787.59564,-1467.2673,2906.5356,767.70557,-1455.2859,2917.0894,752.98694,-1335.2168,2888.8704,740.52313,-1407.2738,2909.7664,786.4455,-1232.3292,2875.6394,774.7696,-1306.3069,3002.379,1581.856,368.70532,2723.9165,1645.0027,-368.4752,3570.8179,1829.2961,-491.4929,2785.3977,2362.4749,-522.26294,2979.91,1968.7432,986.7453,2828.0525,2978.6619,411.61752,2877.1836,1933.9943,1131.3569,2830.968,3064.7283,476.17673,2898.021,2228.6477,883.597,2954.1497,3145.3274,-204.00443
00000011.jpg,726.88934,103.905365,-172.74252,731.99805,92.20237,-145.3898,736.5344,92.25535,-145.404,740.08575,92.34904,-145.4914,720.29175,91.42621,-148.7541,715.51697,91.09988,-148.75719,710.3143,90.92317,-148.78592,745.80133,97.56353,11.39866,702.48535,95.56827,-2.001347,732.7618,117.72717,-112.87636,717.9644,118.03681,-116.94423,779.548,167.61058,83.84812,666.23444,168.01466,51.922447,825.66077,244.04613,-53.369198,622.64746,249.45926,-88.543816,741.55304,231.02948,-259.86386,714.3084,230.28447,-259.4293,728.36115,209.0121,-304.46338,728.66113,209.33942,-298.80728,728.52423,203.33344,-279.91055,727.7026,206.41624,-280.66135,731.7938,209.55614,-253.66194,724.6139,213.36676,-252.76376,759.0418,344.09937,26.75312,698.567,351.0877,-26.752956,879.5248,442.3418,-101.13941,708.8695,493.19562,-66.02472,749.35187,423.8158,297.4002,738.8562,609.85077,184.35869,728.8606,406.13434,338.50763,744.05206,623.82556,204.45863,719.71875,478.89996,293.27252,740.0242,653.6933,71.03852
00000015.jpg,613.8878,272.66553,-644.4448,625.5621,240.20528,-588.6992,635.0882,239.04315,-588.8127,645.0059,238.11237,-588.9453,594.0426,243.17969,-577.72485,581.9666,244.13928,-577.87036,570.57965,245.51682,-577.88617,660.4971,249.07542,-241.49788,552.6516,258.4252,-193.6741,633.9605,306.21555,-511.45386,595.18024,308.14493,-498.1394,766.95905,435.85962,-75.999825,473.3208,436.52686,25.70358,845.14056,674.3203,-324.48355,419.75238,687.85236,-209.70082,641.2678,578.15173,-646.31177,602.563,571.93463,-608.5613,623.3837,524.6029,-704.74976,624.8553,523.46484,-705.5343,622.88995,508.21704,-661.2708,616.42535,508.47562,-644.66095,625.90955,519.8744,-626.88605,611.1299,519.2416,-590.0888,662.2813,887.35626,-100.46125,504.70694,864.66077,100.76399,630.5469,1220.3291,3.8112772,220.10318,1071.285,-331.28986,586.2786,1512.7703,596.5624,542.45575,1043.6335,653.6835,573.59625,1547.8999,646.6806,588.6289,1000.2393,759.3176,586.48615,1624.7117,349.57455,609.0903,1175.5917,719.16223
00000018.jpg,557.11206,74.23338,-208.9079,563.0786,63.165154,-189.39908,566.7539,62.571705,-189.44423,569.9838,62.17865,-189.47127,552.5063,64.642975,-185.01433,549.4547,65.17471,-185.05331,546.19867,65.58022,-185.07529,575.60205,66.4804,-68.75372,543.2951,69.599335,-50.26165,564.714,83.666534,-163.51637,551.88794,83.618195,-158.33954,608.12427,131.24213,-21.706497,514.8932,127.42144,21.959614,624.0811,203.92537,-144.11023,494.9483,202.09889,-106.71163,560.1475,161.99666,-311.8081,547.20966,154.94893,-325.32626,555.1459,142.18504,-343.8999,552.94556,134.0396,-372.0089,555.7003,138.21811,-330.3182,550.9719,130.57413,-352.56876,557.448,145.06262,-307.66928,549.8889,136.30241,-322.56042,566.6614,276.96436,-32.308224,516.61536,264.9678,32.40674,557.31024,391.11472,-25.494139,418.08713,329.2937,-104.21081,535.6005,494.74423,129.25748,528.2546,326.16904,218.12955,529.28455,506.7952,140.31268,539.5835,313.01172,251.84988,535.2245,531.001,26.520208,546.2641,370.24286,231.33319
00000019.png,2277.7107,619.5674,-797.3215,2298.3308,571.4835,-697.6684,2310.702,570.50146,-697.66016,2322.1584,569.5214,-697.66766,2248.843,574.6965,-680.87866,2229.7212,575.83655,-681.11865,2212.813,577.01825,-681.21497,2346.2961,579.7321,-151.17105,2188.1514,596.43414,-81.62449,2308.853,665.2895,-592.16895,2250.1404,671.7108,-572.4283,2518.5215,862.80853,19.366976,2069.747,880.63324,203.45847,2674.8152,1147.8966,-538.0969,1934.0715,1181.9598,-382.6066,2337.015,1054.7955,-1207.02,2237.6223,1060.5333,-1214.1243,2307.925,964.7112,-1333.7827,2286.812,970.49536,-1405.1671,2302.8845,953.3861,-1247.8958,2279.6416,954.45264,-1289.7167,2311.42,978.4031,-1175.3871,2271.6372,980.3018,-1183.3053,2393.7156,1565.7107,-177.49039,2142.8535,1526.2477,177.50078,2303.9978,2082.6875,-172.14932,1715.4961,1842.2383,-545.98126,2243.6648,2583.1536,649.45233,2148.0408,1807.9326,1005.62177,2223.8755,2645.172,711.2288,2255.474,1734.9209,1172.7607,2251.7893,2725.0784,215.73264,2292.9893,1985.8882,1131.4159
00000020.jpg,613.91223,99.0019,-201.89207,619.1836,88.24462,-177.73878,622.15546,88.18796,-177.78139,624.8226,88.19659,-177.83557,607.3396,88.144104,-175.35728,602.9726,87.93553,-175.39401,598.59283,87.753174,-175.42184,629.82166,93.44944,-35.06815,589.9468,92.61507,-23.715431,620.7661,110.73923,-147.98982,605.1349,110.091156,-144.97,669.6112,161.90778,17.79974,550.82635,159.91905,44.946243,703.4697,246.6474,-141.59024,522.7157,245.67686,-113.77647,624.3335,198.15742,-341.9669,605.4937,194.41154,-351.96756,617.3325,176.72864,-378.26746,613.8716,175.69093,-402.99036,616.4816,170.62057,-356.3239,611.66254,169.3291,-377.94482,618.29236,178.49867,-335.52625,610.6039,176.31544,-346.48404,625.9226,337.5708,-32.26501,559.34,329.19095,32.47417,626.40436,479.2431,-58.167213,450.61945,406.96014,-203.63525,600.8817,603.39404,109.16166,584.2959,395.42096,125.62721,592.01855,616.3012,121.356964,601.83606,382.0538,160.49403,595.21967,650.8271,-20.398796,618.2457,447.79654,126.15913
00000022.jpg,1487.1023,329.52972,-539.8808,1507.0116,298.24463,-464.05154,1517.0571,297.7812,-464.1609,1527.488,296.94717,-464.4067,1468.6841,300.08954,-476.75058,1455.1538,301.20865,-476.81552,1442.4254,302.60754,-476.87897,1543.3483,309.54413,-39.323963,1424.8416,315.49704,-86.30321,1510.5908,362.3041,-378.29343,1463.453,362.61542,-391.82162,1639.2119,515.5829,200.98157,1322.2008,515.57996,43.6139,1743.5854,739.2019,-147.81038,1202.9381,741.71906,-307.2537,1517.1282,686.96484,-800.1855,1435.7473,679.829,-817.07434,1485.9834,631.6596,-930.1272,1465.9518,632.9502,-933.9648,1489.2859,613.31006,-876.4284,1463.7545,617.42395,-889.9895,1494.8448,625.9791,-791.3082,1460.1539,630.3721,-802.73193,1590.3517,988.6996,117.22417,1403.5441,1008.9916,-117.16979,1889.3718,1214.6304,-301.15222,1457.5706,1392.7158,-151.19362,1554.0613,1182.5247,731.97,1525.2067,1700.3102,572.8578,1490.2345,1138.7716,835.8863,1550.2953,1737.824,628.53314,1476.3029,1321.5537,666.9569,1513.8478,1804.1698,239.0215
00000025.jpg,454.82938,61.798214,-154.9683,458.78006,51.91625,-133.55156,461.79385,51.606537,-133.57356,464.99744,51.31606,-133.64229,449.0463,52.32226,-138.64201,444.6995,52.4611,-138.65004,440.60336,52.588085,-138.68353,467.72046,54.40211,-10.795785,433.05923,55.596573,-31.290941,459.43436,71.86662,-107.888016,447.16214,72.06076,-113.91471,496.142,110.53974,60.036556,401.23993,116.44176,7.6704073,534.54065,179.34677,-25.652222,375.68497,188.26744,-70.01289,466.41046,168.90977,-194.24428,448.36862,167.7034,-184.89272,456.80096,152.72792,-227.47543,458.26373,152.4222,-213.10799,458.4031,146.96053,-209.72458,457.22733,148.5866,-203.84627,459.55704,150.75545,-189.64409,455.0241,152.76782,-180.60045,481.4405,244.91599,29.079832,432.54416,251.51344,-29.05807,578.9542,302.7326,-97.96029,443.41998,365.85574,-77.549644,471.76392,295.0661,182.75958,468.38208,465.11838,110.34883,451.9574,286.25403,211.64012,474.0656,476.36594,124.84087,454.6207,342.0527,168.28917,466.3672,498.56122,14.895429
00000027.jpg,275.63794,73.546776,-184.59035,280.59088,64.1504,-162.94397,283.5533,63.912212,-162.96982,286.37952,63.70216,-163.01715,269.74225,65.1849,-166.42365,266.18475,65.430275,-166.41287,262.96652,65.85019,-166.4163,291.70483,67.91383,-42.778122,258.63367,71.00234,-56.737568,283.04672,83.50258,-139.60355,270.2255,83.91944,-143.68866,323.7964,130.90106,25.016684,231.65714,130.50034,-23.362516,353.8519,193.08499,-70.48183,207.23499,198.13739,-117.09656,294.7352,182.05673,-269.423,270.81042,183.98318,-256.31232,286.37424,166.04689,-308.075,279.2722,169.58022,-289.58182,284.94046,160.44958,-292.84824,277.68997,164.465,-276.60876,286.42477,163.84467,-266.32632,275.91092,168.53807,-251.75793,307.47852,259.33408,35.199375,258.07724,267.8469,-35.222458,401.51675,311.1052,-51.95213,276.2824,385.45007,-51.06493,308.31744,316.1489,250.91347,289.4672,474.81726,125.95913,292.2171,310.77798,281.1569,291.82635,487.00714,139.39224,286.7884,360.74893,240.27975,290.70956,507.013,25.504208
00000029.jpg,346.31418,45.44856,-147.25862,350.36194,38.616123,-131.80902,352.77618,38.815914,-131.8284,355.77188,39.028847,-131.82092,341.73923,38.341362,-129.27428,338.4259,38.333595,-129.29294,335.59076,38.374817,-129.31482,361.58182,43.311806,-41.856506,332.24753,42.92782,-31.796663,352.31906,54.351067,-113.655014,341.25665,53.387043,-110.76035,386.32578,88.08355,-11.015956,313.16965,90.57636,15.77818,400.78345,143.58371,-107.09232,299.46652,145.38893,-90.187744,358.76297,112.4007,-253.01688,341.49445,115.22077,-269.403,353.10132,97.46541,-278.77588,348.9896,100.97872,-305.86765,352.35904,94.27157,-269.3212,347.77963,97.79325,-289.85147,353.9996,98.963394,-250.81982,346.54022,102.7182,-266.62622,366.04626,201.7923,-23.633467,325.61502,195.70961,23.656372,353.10013,287.8899,-9.569574,259.48428,245.83752,-97.52819,342.69138,362.02917,118.82052,333.11823,227.35504,178.25865,338.71347,370.75302,128.53242,342.20346,220.93129,207.7692,342.63904,387.93954,48.90565,346.59406,253.09589,209.17093
00000037.jpg,316.87372,40.106567,-175.06323,321.60544,32.253494,-157.44284,324.34686,32.16187,-157.48894,326.18964,32.163532,-157.51366,312.5811,32.594208,-155.93393,309.66772,32.792473,-155.95645,306.77252,33.19477,-155.98064,330.1885,36.306374,-60.16172,302.34103,37.785965,-54.38844,322.467,49.140717,-139.24345,311.4398,48.80853,-137.59439,353.72202,91.52486,-20.028852,277.90845,89.29387,-1.2983383,369.46756,153.0455,-104.41451,259.25494,151.22931,-98.5567,320.24362,126.276825,-251.80331,306.2211,123.865425,-273.56726,315.13617,111.097916,-278.92386,313.57483,109.144,-309.21567,315.84454,107.233444,-267.51865,312.25314,106.11202,-294.09134,316.75296,111.31682,-248.45398,310.49365,109.95726,-270.54935,324.84964,206.39969,-19.714926,284.59344,199.50504,19.76606,317.6438,295.18692,-4.4720993,207.67912,252.23604,-100.32014,302.99344,372.56677,134.35614,291.00714,238.94731,161.41425,297.882,382.87427,144.94426,301.2993,231.5223,188.82036,301.62457,395.94254,59.832684,307.93204,266.1714,176.14337
00000041.jpg,524.71,63.22221,-148.57646,528.8033,53.30523,-127.13415,531.8762,53.117146,-127.14893,534.4339,52.893562,-127.20851,519.01,53.61964,-134.01756,514.9082,53.637398,-134.03305,510.339,53.462864,-134.0779,537.4475,55.531452,-6.4412527,503.18143,56.633118,-34.26129,529.3215,73.47033,-102.287895,517.85645,73.94874,-110.3943,566.1489,111.35746,68.49964,472.33557,117.10838,-3.5383148,604.009,179.9512,-17.024158,446.5352,188.49602,-56.41701,536.1278,169.77246,-183.83115,521.3667,167.98619,-120.12086,526.423,152.6095,-216.12004,530.3236,153.65416,-141.26689,527.197,147.4039,-196.62396,528.7273,150.19138,-134.73099,528.2055,151.87985,-179.04616,526.55597,154.48413,-115.332245,549.6884,242.7647,34.02065,501.25455,249.84258,-34.015995,646.4937,300.80603,-91.33456,513.31433,363.07547,-71.04204,539.22406,293.81735,185.0137,537.91406,464.06693,114.91531,520.564,284.56995,213.4487,543.19543,475.42258,129.2318,523.7459,339.91223,170.57169,532.59796,495.29797,19.375334
00000042.jpg,222.17165,98.65718,-213.30138,227.27046,88.46975,-191.09592,230.5915,88.14942,-191.13228,233.67404,87.93424,-191.1566,216.06772,89.28983,-188.90128,212.42459,89.406715,-188.93436,208.79634,89.69321,-188.95511,239.7052,91.67882,-61.622154,203.43864,93.95418,-51.910828,230.05312,109.2157,-164.15483,216.06123,109.1328,-161.49478,273.04965,154.74327,-12.5002575,174.97545,154.32915,22.131466,312.2642,219.26337,-139.65771,140.16298,222.767,-96.65924,239.35483,209.2574,-328.79498,211.58087,209.75493,-290.53534,229.13925,190.28304,-364.6049,226.77603,195.19077,-335.99152,227.78494,187.56067,-345.50998,225.50609,190.99252,-314.1776,229.55347,192.17184,-323.1103,222.77815,194.49161,-285.06082,239.98683,310.518,-38.877476,186.16312,303.50903,38.94445,232.5619,428.00546,-49.919426,81.71955,366.5992,-130.0071,214.69104,540.34845,129.1061,201.43042,382.37823,175.3458,210.22385,550.3568,141.2436,216.61937,368.98093,205.84006,207.03285,580.78033,12.520419,221.17839,429.72012,167.96986
00000043.jpg,1487.1023,329.52972,-539.8808,1507.0116,298.24463,-464.05154,1517.0571,297.7812,-464.1609,1527.488,296.94717,-464.4067,1468.6841,300.08954,-476.75058,1455.1538,301.20865,-476.81552,1442.4254,302.60754,-476.87897,1543.3483,309.54413,-39.323963,1424.8416,315.49704,-86.30321,1510.5908,362.3041,-378.29343,1463.453,362.61542,-391.82162,1639.2119,515.5829,200.98157,1322.2008,515.57996,43.6139,1743.5854,739.2019,-147.81038,1202.9381,741.71906,-307.2537,1517.1282,686.96484,-800.1855,1435.7473,679.829,-817.07434,1485.9834,631.6596,-930.1272,1465.9518,632.9502,-933.9648,1489.2859,613.31006,-876.4284,1463.7545,617.42395,-889.9895,1494.8448,625.9791,-791.3082,1460.1539,630.3721,-802.73193,1590.3517,988.6996,117.22417,1403.5441,1008.9916,-117.16979,1889.3718,1214.6304,-301.15222,1457.5706,1392.7158,-151.19362,1554.0613,1182.5247,731.97,1525.2067,1700.3102,572.8578,1490.2345,1138.7716,835.8863,1550.2953,1737.824,628.53314,1476.3029,1321.5537,666.9569,1513.8478,1804.1698,239.0215
00000045.jpg,332.44214,98.39475,-175.97571,337.1221,90.33554,-158.0462,338.99887,89.966705,-158.08026,341.715,89.79285,-158.09052,328.51288,90.43145,-156.3324,325.05325,90.169205,-156.35089,321.55463,90.023254,-156.3971,346.33783,93.75378,-52.912235,316.79675,93.798134,-45.523228,337.72308,106.51824,-136.97261,326.3102,105.93381,-135.0826,375.80606,146.38004,-15.684215,291.03204,143.99715,0.8458178,386.6019,207.33447,-137.23851,281.2329,200.31819,-119.722336,340.61133,160.63953,-294.3649,330.36472,154.17,-299.34644,337.359,145.33638,-322.388,334.6749,141.09903,-337.77725,337.55252,141.24435,-309.6106,333.45236,136.88257,-321.2847,338.19785,145.58923,-291.39563,332.55508,141.11928,-296.6287,346.8597,268.60583,-20.502304,300.875,264.4815,20.619644,342.2577,362.5375,-14.825384,226.09453,319.4068,-145.17242,325.09958,449.32254,121.410126,315.2284,303.0989,124.42545,320.8446,459.87387,131.6911,328.25928,294.6084,153.14322,317.0756,479.92914,32.70316,338.99805,342.58743,137.40303
00000046.jpg,443.90536,72.667305,-195.69263,450.1563,63.807697,-170.81999,453.42697,63.90857,-170.86499,457.12024,64.17067,-170.95598,439.24692,63.028797,-175.35754,434.8473,62.699245,-175.37755,430.50208,62.40978,-175.40504,462.35736,68.67513,-35.678337,424.08432,66.29398,-52.339115,450.40427,84.295204,-144.76491,435.54517,83.53342,-149.69449,490.53378,133.775,33.626896,389.19354,133.15976,-11.100387,520.67114,205.5449,-93.20503,369.52008,211.03786,-130.76079,459.73843,182.22105,-315.6846,431.74612,180.29147,-304.3463,449.91852,164.27113,-361.11264,443.91513,161.40918,-344.52847,449.333,160.43512,-345.04623,442.7448,158.66634,-332.90552,450.55447,164.14543,-314.08786,440.32532,163.75397,-301.69296,476.18903,275.2109,28.710882,419.7582,284.0257,-28.640856,570.35065,341.25858,-84.168,441.62527,405.3764,-35.99447,464.3396,350.516,229.7953,459.91766,513.2142,175.16023,451.43573,320.43027,261.1559,465.03403,526.8353,190.47934,444.75085,378.9055,207.38876,453.77612,538.6614,61.5456
00000047.png,2277.7107,619.5674,-797.3215,2298.3308,571.4835,-697.6684,2310.702,570.50146,-697.66016,2322.1584,569.5214,-697.66766,2248.843,574.6965,-680.87866,2229.7212,575.83655,-681.11865,2212.813,577.01825,-681.21497,2346.2961,579.7321,-151.17105,2188.1514,596.43414,-81.62449,2308.853,665.2895,-592.16895,2250.1404,671.7108,-572.4283,2518.5215,862.80853,19.366976,2069.747,880.63324,203.45847,2674.8152,1147.8966,-538.0969,1934.0715,1181.9598,-382.6066,2337.015,1054.7955,-1207.02,2237.6223,1060.5333,-1214.1243,2307.925,964.7112,-1333.7827,2286.812,970.49536,-1405.1671,2302.8845,953.3861,-1247.8958,2279.6416,954.45264,-1289.7167,2311.42,978.4031,-1175.3871,2271.6372,980.3018,-1183.3053,2393.7156,1565.7107,-177.49039,2142.8535,1526.2477,177.50078,2303.9978,2082.6875,-172.14932,1715.4961,1842.2383,-545.98126,2243.6648,2583.1536,649.45233,2148.0408,1807.9326,1005.62177,2223.8755,2645.172,711.2288,2255.474,1734.9209,1172.7607,2251.7893,2725.0784,215.73264,2292.9893,1985.8882,1131.4159
00000051.png,394.21143,72.78577,-144.49193,398.80276,65.65143,-123.03065,401.29642,65.62472,-123.05381,403.67447,65.60131,-123.124825,389.7686,66.09625,-127.70084,386.62845,66.05395,-127.71505,383.97375,65.87119,-127.7161,408.16556,69.74717,-7.626816,379.21912,69.78936,-26.537573,399.9316,81.125656,-101.43045,388.74976,80.72984,-106.95652,433.62012,118.93585,57.681854,353.48953,118.23362,-1.726629,464.43762,171.98746,-47.399437,322.25665,169.66791,-105.90195,409.93076,162.35637,-237.24445,380.82123,161.314,-246.95628,399.57156,151.09793,-274.75635,391.8223,152.96811,-280.81665,399.0756,147.38431,-258.7721,393.32425,150.45805,-268.11697,401.38702,149.66171,-234.61938,391.01974,152.78378,-242.84346,418.8247,230.23935,40.46058,375.1466,237.93079,-40.465656,506.35776,264.50616,-54.678303,391.11694,334.1362,-75.17711,415.5377,271.36478,193.92322,407.29822,425.07343,73.12379,402.02078,265.69287,218.56075,411.81616,434.99985,83.8829,395.02042,308.41608,182.01318,412.89325,456.0427,-17.715311
00000056.jpg,195.04839,45.933212,-133.17825,199.10292,38.586834,-119.82664,201.2959,38.443928,-119.84006,203.75122,38.327328,-119.84364,190.70033,39.12428,-117.256874,188.00757,39.519665,-117.29532,185.67499,39.87521,-117.324234,208.12889,41.169003,-39.747814,182.84666,43.6946,-29.039078,199.87836,53.944942,-102.74544,190.63739,54.090977,-99.67751,229.61743,84.394135,-10.901547,164.19182,86.0638,18.109833,252.63536,125.92222,-87.64305,138.60664,128.73393,-61.13992,200.89214,118.908424,-198.02626,185.22548,118.79715,-188.47595,194.70752,107.69457,-218.69623,192.59229,107.10611,-216.5412,194.48718,105.708466,-210.54385,191.86809,105.441185,-201.59378,195.83585,109.14014,-195.37877,190.85278,109.3239,-184.58931,210.43906,186.20445,-22.312178,173.10332,180.56946,22.362123,203.24957,258.78522,-35.890926,106.757904,225.87288,-78.61439,192.5809,330.42694,82.15416,179.3983,215.8436,143.6938,188.49493,339.39523,90.858665,189.98706,208.86855,167.04796,188.12682,354.4504,18.871162,193.86755,245.63786,156.96481
00000057.jpg,275.63794,73.546776,-184.59035,280.59088,64.1504,-162.94397,283.5533,63.912212,-162.96982,286.37952,63.70216,-163.01715,269.74225,65.1849,-166.42365,266.18475,65.430275,-166.41287,262.96652,65.85019,-166.4163,291.70483,67.91383,-42.778122,258.63367,71.00234,-56.737568,283.04672,83.50258,-139.60355,270.2255,83.91944,-143.68866,323.7964,130.90106,25.016684,231.65714,130.50034,-23.362516,353.8519,193.08499,-70.48183,207.23499,198.13739,-117.09656,294.7352,182.05673,-269.423,270.81042,183.98318,-256.31232,286.37424,166.04689,-308.075,279.2722,169.58022,-289.58182,284.94046,160.44958,-292.84824,277.68997,164.465,-276.60876,286.42477,163.84467,-266.32632,275.91092,168.53807,-251.75793,307.47852,259.33408,35.199375,258.07724,267.8469,-35.222458,401.51675,311.1052,-51.95213,276.2824,385.45007,-51.06493,308.31744,316.1489,250.91347,289.4672,474.81726,125.95913,292.2171,310.77798,281.1569,291.82635,487.00714,139.39224,286.7884,360.74893,240.27975,290.70956,507.013,25.504208
00000063.jpg,319.91638,55.906937,-183.91415,325.88315,47.797455,-166.11086,328.54477,47.665478,-166.16199,331.19104,47.83177,-166.2078,315.2447,48.259468,-162.59167,311.57938,48.49541,-162.61539,308.32553,48.855633,-162.6492,336.0866,51.542507,-57.043484,303.9033,52.732006,-41.49065,325.5905,65.23332,-142.4477,313.2895,64.507454,-138.20079,360.9611,107.23504,-17.741306,278.12515,104.27035,29.320953,387.15024,161.94348,-137.32051,244.86688,161.58981,-82.19523,326.17123,145.68935,-301.3575,307.13098,144.27954,-266.04514,318.4411,131.65666,-337.35052,316.36282,130.58519,-308.22534,318.9156,128.50105,-322.632,315.10056,127.693565,-289.7784,320.58823,132.5567,-298.09787,313.6714,132.28047,-262.29437,336.92535,237.52496,-33.07265,288.1779,232.19267,33.121605,321.10992,337.5595,-81.93622,220.14871,299.6993,-174.18242,309.65558,430.97275,96.07243,290.06903,374.10178,41.47427,308.56808,441.06317,108.50169,299.52905,374.70584,60.25473,309.10092,455.86908,-10.670013,299.069,415.9902,-26.631697
00000065.jpg,257.46127,138.60503,-247.40286,267.9591,127.68169,-235.13896,272.43436,128.08606,-235.12277,276.8167,128.45468,-235.1378,261.13684,126.74019,-222.35213,260.18573,126.48891,-222.4265,259.433,126.19022,-222.51944,293.74716,136.3367,-152.58566,271.39304,133.43216,-97.528854,264.56424,153.62341,-216.52856,256.92236,152.62984,-200.682,335.67322,210.32703,-113.1223,234.00879,212.43869,-35.431694,386.25644,287.24365,-173.99507,189.3679,288.12302,-110.724365,298.37143,287.91895,-250.18987,268.67007,288.8841,-269.53043,287.18588,274.85513,-269.85754,283.67017,275.17105,-308.3842,286.15305,268.5562,-252.21274,284.1371,268.42044,-285.48682,288.6883,274.14255,-240.68388,281.11765,273.92752,-262.36356,306.77017,369.76868,-42.664246,249.15154,359.6519,42.55436,297.2358,493.5979,12.9183235,145.30107,424.41617,-113.5415,271.35446,593.0011,238.92757,265.66138,408.9194,177.30766,268.15262,604.39136,258.53522,279.59183,399.455,208.73686,273.4205,629.1804,159.2285,284.27158,452.37262,190.75075
00000067.jpg,742.2662,214.11072,-965.0048,764.17096,181.84656,-879.1367,778.75,183.08466,-879.3504,792.4881,184.84381,-879.4331,720.8871,183.35803,-878.30585,708.03174,184.96161,-878.4266,692.9795,186.67365,-878.4985,810.63416,210.08136,-387.5819,678.75323,209.10236,-392.7432,771.5832,255.8529,-784.4464,715.9488,254.9632,-786.0064,937.1454,470.67355,-167.3832,557.56116,443.0379,-91.961464,1039.9784,749.5,-581.15686,455.67316,734.2548,-483.01074,799.9688,674.7688,-1425.587,688.04144,670.03723,-1330.4353,768.6932,625.10535,-1593.0928,736.20197,624.92676,-1511.3145,764.8163,593.196,-1544.7299,739.98584,595.1488,-1459.7764,771.66296,606.32947,-1416.8728,730.5697,606.7752,-1321.4062,799.0415,1045.6023,-89.52216,599.38214,998.0822,89.888405,764.6544,1424.677,-107.428276,274.35455,1127.3207,-821.19946,672.58594,1831.3071,496.47913,676.0303,1236.5859,211.71313,638.1123,1886.3157,534.80164,734.18317,1213.0546,313.5918,706.3806,1972.0259,25.714334,735.773,1423.0178,90.142624
00000071.jpg,361.65762,152.02698,-380.0776,370.40985,134.07086,-346.79382,375.58136,133.75418,-346.8868,381.8291,133.26898,-346.91888,352.04626,134.34036,-347.86508,343.7703,134.6073,-347.94342,335.76843,135.16827,-348.01816,388.16006,138.66583,-136.80354,324.00198,142.00351,-140.99983,370.07388,170.42255,-299.71716,346.79352,171.4497,-301.34552,440.9779,241.74852,-35.289864,274.5998,244.74916,-31.54973,497.4659,355.8178,-247.54651,242.62563,365.57135,-192.92996,383.12906,306.3441,-565.9835,361.31616,296.65576,-455.84384,373.6082,279.69077,-621.26166,376.73557,270.11267,-518.4817,373.49445,267.57132,-591.869,373.19516,260.82404,-487.85416,375.00134,276.0574,-558.5635,369.36234,268.71826,-446.7766,383.21176,507.70676,-42.065105,293.01514,494.71542,42.379227,365.22873,686.3538,-1.2833872,147.18333,584.756,-312.05392,333.3969,849.9197,263.00806,326.15536,593.6938,126.74639,325.26315,869.26917,281.53125,350.5876,579.5205,171.61887,335.98087,916.88763,65.78824,362.8649,671.01184,90.81463
00000082.jpg,1319.7133,825.02716,-1127.2662,1357.6986,775.8722,-1044.6862,1376.4789,776.7579,-1044.896,1394.2367,778.293,-1044.9971,1305.0388,773.7611,-1025.8568,1288.5988,772.74927,-1026.0098,1272.6365,771.75616,-1026.1985,1430.2074,803.35815,-489.49518,1262.2037,794.21747,-412.51486,1361.0785,879.2263,-915.5134,1286.9618,870.1871,-894.78705,1586.0752,1078.362,-242.898,1139.2395,1070.8533,-5.9075327,1636.4183,1445.6869,-653.75604,1012.92664,1435.8328,-477.89124,1381.1759,1301.1323,-1443.7432,1254.3153,1292.636,-1550.1321,1340.2,1219.7747,-1603.7279,1306.2113,1215.2047,-1766.5885,1340.0299,1184.6584,-1563.5692,1304.8579,1183.9146,-1714.2278,1348.8188,1213.2444,-1432.277,1295.5754,1208.4622,-1549.5044,1439.1849,1745.4779,-156.8415,1192.9153,1735.0413,156.799,1455.0513,2271.8047,-135.57867,770.15375,2067.0632,-666.27795,1471.2402,2770.8438,585.35223,1263.1892,2012.2106,844.61395,1466.1538,2834.5017,632.2235,1316.7765,1962.2261,1003.1859,1445.6326,2927.2534,47.54152,1358.4559,2236.6802,887.8998
00000083.jpg,195.04839,45.933212,-133.17825,199.10292,38.586834,-119.82664,201.2959,38.443928,-119.84006,203.75122,38.327328,-119.84364,190.70033,39.12428,-117.256874,188.00757,39.519665,-117.29532,185.67499,39.87521,-117.324234,208.12889,41.169003,-39.747814,182.84666,43.6946,-29.039078,199.87836,53.944942,-102.74544,190.63739,54.090977,-99.67751,229.61743,84.394135,-10.901547,164.19182,86.0638,18.109833,252.63536,125.92222,-87.64305,138.60664,128.73393,-61.13992,200.89214,118.908424,-198.02626,185.22548,118.79715,-188.47595,194.70752,107.69457,-218.69623,192.59229,107.10611,-216.5412,194.48718,105.708466,-210.54385,191.86809,105.441185,-201.59378,195.83585,109.14014,-195.37877,190.85278,109.3239,-184.58931,210.43906,186.20445,-22.312178,173.10332,180.56946,22.362123,203.24957,258.78522,-35.890926,106.757904,225.87288,-78.61439,192.5809,330.42694,82.15416,179.3983,215.8436,143.6938,188.49493,339.39523,90.858665,189.98706,208.86855,167.04796,188.12682,354.4504,18.871162,193.86755,245.63786,156.96481
00000086.png,393.97296,78.0965,-141.87033,398.45047,71.15029,-120.206665,401.0304,71.03346,-120.22584,403.5062,70.875046,-120.29073,389.33035,71.65607,-125.25073,386.1402,71.64516,-125.27048,383.45322,71.425125,-125.27989,407.86185,74.96698,-4.4054856,378.70728,75.13287,-24.62574,399.744,86.376,-98.66026,388.32266,85.959526,-104.53881,433.42673,123.839165,62.287235,353.931,123.55911,-3.6205277,464.73227,177.25069,-45.034794,322.8976,175.04639,-107.30303,408.82324,165.83255,-232.6189,383.6287,165.27072,-236.839,398.42758,153.3866,-269.4127,394.3861,156.18813,-268.92853,397.9676,150.47533,-252.14763,395.34317,154.27309,-256.12814,400.26007,152.94807,-229.66573,392.9048,156.83333,-232.346,419.03162,235.49593,42.216595,375.64157,242.96393,-42.226624,506.21484,269.7672,-52.879883,390.84857,338.74567,-75.194374,415.29102,275.6349,191.52884,406.84198,428.5736,71.331955,401.6439,269.7484,215.7238,411.03644,438.70108,81.84946,395.13367,312.5642,178.67113,413.45538,460.48398,-19.84582
00000088.jpg,854.7145,146.04723,-324.17532,867.87994,129.19348,-284.9776,875.2034,129.25336,-284.98856,879.7967,129.47984,-285.0314,845.3168,129.24551,-278.41214,838.6382,129.28052,-278.49167,832.12024,129.54378,-278.51202,892.4596,138.88136,-65.31562,824.5419,139.7462,-37.4864,869.5228,166.3608,-241.7665,841.7597,164.73096,-234.0602,947.699,258.1383,6.714794,774.15875,253.32672,88.367386,998.1946,389.0124,-191.86069,719.4265,376.73697,-131.83914,879.42847,332.85022,-436.0279,845.8995,325.2313,-465.38788,866.2592,300.7403,-482.69482,866.88556,295.21857,-540.2975,863.9264,292.22406,-451.1267,865.1872,286.79492,-497.96658,866.7058,301.8841,-423.71487,860.05945,297.63812,-454.67392,887.88434,525.2763,-72.260284,788.231,511.59967,72.340294,857.2276,732.5775,-80.004715,600.8604,641.0689,-206.0309,824.3862,932.1844,245.22789,795.52,608.1893,391.93863,814.841,951.4263,269.67114,822.17896,590.69916,455.82684,817.94116,992.91956,68.75816,837.4073,679.3548,436.1869
00000090.png,1095.8077,183.40686,-285.95572,1109.4968,165.93549,-251.5765,1118.1511,166.74243,-251.61543,1124.2706,167.21074,-251.67667,1085.4706,163.35477,-243.4776,1077.4047,163.20213,-243.51576,1070.3873,163.37212,-243.57242,1139.1003,175.62157,-49.79239,1063.1462,171.87251,-7.761231,1110.9298,208.27783,-207.55557,1081.9968,207.27087,-196.12576,1193.1239,289.57092,-0.5491035,1010.10474,274.13055,105.372765,1241.689,413.82895,-280.27673,935.6679,383.09985,-162.80263,1112.9897,352.52963,-602.988,1067.9591,350.51764,-517.7861,1098.0293,325.6625,-663.90686,1091.7454,329.3394,-600.74963,1094.1418,320.04672,-624.8034,1091.4988,323.76526,-550.3948,1096.7483,329.2777,-590.4621,1086.6997,332.42386,-506.20782,1131.9358,558.3765,-82.55774,1013.71375,542.0077,82.512054,1103.3654,760.49945,-198.15688,855.3228,670.9801,-300.7811,1085.4075,951.70996,103.561,1034.8674,788.487,218.00061,1080.2976,974.1911,120.2435,1052.6011,780.3456,268.36856,1072.1156,1029.5024,-141.30148,1062.4503,873.7023,155.83989
00000097.jpg,503.02768,89.87719,-198.58499,509.1815,79.70396,-181.06035,511.72507,79.42624,-181.07541,515.22906,79.17825,-181.0689,497.4806,80.14899,-177.45226,493.14746,80.38841,-177.502,489.61795,80.63235,-177.53946,521.5772,83.556435,-67.866165,485.00626,85.29097,-52.222305,509.74066,101.867325,-154.587,495.86758,102.17618,-150.20332,553.40576,145.89954,-17.866798,456.0017,141.8736,10.474187,580.104,209.40753,-135.09007,431.86554,209.12466,-101.618195,516.27356,185.39357,-301.26157,497.2488,183.98096,-282.03574,506.3315,171.8855,-329.43735,507.92657,170.71188,-322.1344,505.83768,163.97043,-318.48074,504.50165,163.74454,-301.31125,508.22412,169.41719,-298.14615,502.4286,168.61197,-276.73407,519.9632,289.86606,-30.622375,465.63947,283.9365,30.651312,501.03696,405.75095,-13.109574,381.1646,360.03278,-109.41707,486.2546,510.431,153.68552,474.5521,330.43246,242.64792,480.23248,522.06976,167.01991,486.1,319.10074,280.97324,487.8638,538.53754,69.8378,500.22882,369.66064,282.04752
00000099.jpg,506.91605,231.3708,-374.09622,512.0462,213.72658,-349.179,516.199,213.457,-349.25766,520.156,213.39536,-349.34256,496.1866,215.7195,-360.51788,488.93094,217.20018,-360.54745,482.06958,218.92497,-360.5902,523.777,219.81271,-182.8493,471.91858,227.36467,-232.69365,512.9578,247.19844,-308.87503,497.4758,250.42146,-323.46536,536.1585,304.90298,-40.317726,456.46817,306.19614,-154.6797,582.01227,395.20074,-125.81681,396.48145,396.62036,-223.53436,504.53424,401.0961,-384.7282,485.65396,404.37836,-377.74692,491.37134,385.1964,-435.4728,497.92465,390.50534,-421.4366,492.64575,375.91446,-433.9475,497.37497,382.4482,-420.56006,496.35162,382.1997,-389.57602,495.15005,387.4122,-377.90854,512.79126,486.9052,52.495872,470.47388,490.44467,-52.546253,596.35266,580.33105,-62.561176,499.0419,640.6039,-63.259617,519.663,676.8878,233.66722,497.3811,784.68286,163.02565,506.068,678.59937,255.71933,499.75897,800.24115,177.59314,503.4414,743.5745,127.63968,478.65588,817.24414,15.987225
00000101.jpg,821.3949,188.43463,-807.2446,848.1722,147.5263,-730.41504,864.62305,148.20355,-730.6309,875.0897,148.90588,-730.6621,793.75854,149.4126,-716.3072,775.703,151.91321,-716.36755,761.0928,155.20654,-716.5748,900.1694,176.24481,-294.99976,746.86194,182.83917,-228.81482,857.0675,237.8736,-646.1189,792.3694,240.69153,-628.0284,1042.884,471.7505,-155.0663,635.61316,498.4447,-9.26151,1116.0884,791.19763,-613.904,579.57184,816.3857,-482.65494,849.6546,598.86145,-1235.0435,800.05786,592.57385,-1274.9119,821.4846,513.11005,-1322.5768,817.96375,506.61182,-1432.7731,828.074,491.84503,-1244.7155,806.0311,485.48364,-1339.0225,833.65564,518.1277,-1204.8239,804.5281,511.40002,-1253.023,893.4758,1091.5602,-110.15975,680.1513,1066.0168,110.13603,843.9751,1538.2422,-82.62638,277.34546,1327.9257,-478.3269,798.3351,1911.0378,687.84424,730.4852,1293.0577,691.38586,777.166,1951.3239,752.20374,779.2161,1245.9442,815.46625,821.2023,2040.3798,352.6819,810.33484,1456.7811,740.25037
00000103.jpg,1476.9664,1050.4521,-984.7477,1492.8834,1001.43243,-859.926,1510.7754,1001.54663,-860.22504,1523.9547,1000.9577,-860.4759,1427.4487,1005.7586,-862.8862,1401.4891,1010.0162,-862.96954,1378.5765,1013.82587,-863.1024,1549.1968,1030.7369,-183.10425,1339.1431,1059.6554,-201.92534,1516.5526,1117.2219,-735.294,1433.717,1117.5765,-740.3176,1730.0975,1410.7646,80.19456,1200.8756,1410.5549,71.2168,1878.0876,1840.6908,-689.03345,1125.5089,1879.7374,-706.1811,1546.01,1556.6985,-1768.0427,1406.6544,1570.1449,-1866.7076,1523.4565,1451.1987,-1949.2787,1434.0693,1460.3208,-2117.6436,1509.481,1421.2166,-1832.8767,1421.1161,1427.5712,-1994.3326,1513.8569,1455.3114,-1735.6825,1419.2822,1464.1937,-1840.7742,1568.2614,2267.308,-95.0153,1267.5624,2187.8472,95.3953,1470.1276,2951.5444,-48.281075,724.88074,2611.5298,-699.876,1383.1418,3538.324,781.6829,1268.0042,2502.4656,1339.6732,1345.2833,3609.9587,847.0365,1351.7069,2443.4944,1561.3806,1440.7484,3707.4753,278.143,1397.6104,2701.426,1577.6906
00000108.jpg,315.2598,50.342285,-138.49234,319.0855,42.793118,-125.88525,321.3666,42.592907,-125.917,323.18054,42.429863,-125.92944,310.4091,43.123745,-124.99751,307.35446,43.237106,-125.01784,304.49283,43.352993,-125.04402,327.8116,45.001366,-50.297424,301.70575,45.794308,-46.511284,320.01587,57.156788,-109.98407,310.37726,57.094463,-109.032974,345.65485,81.916245,-19.3641,286.5864,82.06385,-7.4474893,368.78235,120.44062,-104.04121,264.89075,122.02351,-85.3102,321.5191,100.386505,-213.38782,310.2806,100.077774,-197.70026,316.40173,88.111496,-232.60872,315.86758,87.71293,-221.9166,316.88803,85.65269,-219.46333,314.7144,85.13109,-207.92566,318.27402,89.842705,-209.42448,314.11935,89.16145,-193.85155,326.65768,178.64566,-14.341706,294.32672,172.21191,14.401646,327.06027,243.82147,-8.872737,246.54306,206.31467,-105.10919,319.3641,304.30698,101.02394,303.20673,209.2642,77.40714,316.12167,310.33707,109.56803,310.25662,202.62462,96.36461,316.0297,323.4663,37.593014,321.70044,236.89735,75.55874
00000112.jpg,589.1035,92.893585,-214.10654,596.11426,81.56403,-190.07263,599.52704,81.271675,-190.09218,603.7509,81.03402,-190.10585,582.1813,81.68869,-185.50792,577.5124,81.50606,-185.57585,573.17426,81.15566,-185.63556,610.01495,85.36452,-47.824696,566.77106,85.87036,-29.111732,596.6601,105.82339,-159.80022,580.6482,104.70559,-154.61365,645.4958,157.6692,-9.2474575,529.39185,155.3545,49.360653,686.8935,227.68297,-178.50471,490.46075,222.87648,-125.29801,597.5645,195.45494,-370.72128,573.4996,198.25879,-348.2377,586.63196,176.882,-406.5469,585.7968,178.20024,-399.10727,586.82684,170.61855,-386.80197,583.8149,174.93272,-364.6082,590.2277,177.49657,-364.37698,582.5443,182.561,-339.107,605.80115,337.79596,-48.38432,540.8705,324.84097,48.467896,594.42865,481.30716,-63.678226,426.94327,398.75858,-111.893684,569.60474,609.1128,125.672,554.5107,392.24417,271.47165,564.546,626.17175,138.61069,571.7287,376.4069,311.08328,563.5737,635.83496,6.2600937,579.58673,453.23853,291.05157
00000113.jpg,109.70048,33.7664,-122.545815,113.22976,29.024384,-108.2202,115.30011,29.329193,-108.264366,117.06406,29.669289,-108.296974,105.53275,29.152452,-107.42928,102.73762,29.589014,-107.452126,100.28226,30.169489,-107.474815,121.093025,34.5039,-31.924831,96.75715,35.556293,-28.508116,115.085495,41.859417,-94.46728,105.01662,41.86263,-93.53637,142.9325,74.77582,-6.0415235,78.75696,78.03474,8.252634,166.19609,116.01073,-89.95356,60.774513,122.03225,-70.00512,123.34121,105.139496,-210.54068,103.526985,107.83681,-195.7601,116.001945,97.05039,-234.5811,111.88035,97.01157,-224.31308,114.75917,92.9684,-222.80992,111.667755,94.320305,-212.05554,116.39871,95.415504,-207.6498,110.42397,97.11128,-193.18962,122.96541,171.69713,-17.62962,88.886154,164.63455,17.68382,111.35621,246.28883,-21.071999,38.473816,194.58263,-134.82678,97.46969,313.0511,98.76737,90.43256,245.96852,4.382656,95.096756,321.67368,106.91524,101.15518,247.75375,16.590899,99.40358,329.63943,20.640303,95.63421,280.25772,-40.953014
00000118.jpg,589.1035,92.893585,-214.10654,596.11426,81.56403,-190.07263,599.52704,81.271675,-190.09218,603.7509,81.03402,-190.10585,582.1813,81.68869,-185.50792,577.5124,81.50606,-185.57585,573.17426,81.15566,-185.63556,610.01495,85.36452,-47.824696,566.77106,85.87036,-29.111732,596.6601,105.82339,-159.80022,580.6482,104.70559,-154.61365,645.4958,157.6692,-9.2474575,529.39185,155.3545,49.360653,686.8935,227.68297,-178.50471,490.46075,222.87648,-125.29801,597.5645,195.45494,-370.72128,573.4996,198.25879,-348.2377,586.63196,176.882,-406.5469,585.7968,178.20024,-399.10727,586.82684,170.61855,-386.80197,583.8149,174.93272,-364.6082,590.2277,177.49657,-364.37698,582.5443,182.561,-339.107,605.80115,337.79596,-48.38432,540.8705,324.84097,48.467896,594.42865,481.30716,-63.678226,426.94327,398.75858,-111.893684,569.60474,609.1128,125.672,554.5107,392.24417,271.47165,564.546,626.17175,138.61069,571.7287,376.4069,311.08328,563.5737,635.83496,6.2600937,579.58673,453.23853,291.05157
00000125.jpg,506.91605,231.3708,-374.09622,512.0462,213.72658,-349.179,516.199,213.457,-349.25766,520.156,213.39536,-349.34256,496.1866,215.7195,-360.51788,488.93094,217.20018,-360.54745,482.06958,218.92497,-360.5902,523.777,219.81271,-182.8493,471.91858,227.36467,-232.69365,512.9578,247.19844,-308.87503,497.4758,250.42146,-323.46536,536.1585,304.90298,-40.317726,456.46817,306.19614,-154.6797,582.01227,395.20074,-125.81681,396.48145,396.62036,-223.53436,504.53424,401.0961,-384.7282,485.65396,404.37836,-377.74692,491.37134,385.1964,-435.4728,497.92465,390.50534,-421.4366,492.64575,375.91446,-433.9475,497.37497,382.4482,-420.56006,496.35162,382.1997,-389.57602,495.15005,387.4122,-377.90854,512.79126,486.9052,52.495872,470.47388,490.44467,-52.546253,596.35266,580.33105,-62.561176,499.0419,640.6039,-63.259617,519.663,676.8878,233.66722,497.3811,784.68286,163.02565,506.068,678.59937,255.71933,499.75897,800.24115,177.59314,503.4414,743.5745,127.63968,478.65588,817.24414,15.987225
00000127.jpg,503.02768,89.87719,-198.58499,509.1815,79.70396,-181.06035,511.72507,79.42624,-181.07541,515.22906,79.17825,-181.0689,497.4806,80.14899,-177.45226,493.14746,80.38841,-177.502,489.61795,80.63235,-177.53946,521.5772,83.556435,-67.866165,485.00626,85.29097,-52.222305,509.74066,101.867325,-154.587,495.86758,102.17618,-150.20332,553.40576,145.89954,-17.866798,456.0017,141.8736,10.474187,580.104,209.40753,-135.09007,431.86554,209.12466,-101.618195,516.27356,185.39357,-301.26157,497.2488,183.98096,-282.03574,506.3315,171.8855,-329.43735,507.92657,170.71188,-322.1344,505.83768,163.97043,-318.48074,504.50165,163.74454,-301.31125,508.22412,169.41719,-298.14615,502.4286,168.61197,-276.73407,519.9632,289.86606,-30.622375,465.63947,283.9365,30.651312,501.03696,405.75095,-13.109574,381.1646,360.03278,-109.41707,486.2546,510.431,153.68552,474.5521,330.43246,242.64792,480.23248,522.06976,167.01991,486.1,319.10074,280.97324,487.8638,538.53754,69.8378,500.22882,369.66064,282.04752
00000129.jpg,821.3949,188.43463,-807.2446,848.1722,147.5263,-730.41504,864.62305,148.20355,-730.6309,875.0897,148.90588,-730.6621,793.75854,149.4126,-716.3072,775.703,151.91321,-716.36755,761.0928,155.20654,-716.5748,900.1694,176.24481,-294.99976,746.86194,182.83917,-228.81482,857.0675,237.8736,-646.1189,792.3694,240.69153,-628.0284,1042.884,471.7505,-155.0663,635.61316,498.4447,-9.26151,1116.0884,791.19763,-613.904,579.57184,816.3857,-482.65494,849.6546,598.86145,-1235.0435,800.05786,592.57385,-1274.9119,821.4846,513.11005,-1322.5768,817.96375,506.61182,-1432.7731,828.074,491.84503,-1244.7155,806.0311,485.48364,-1339.0225,833.65564,518.1277,-1204.8239,804.5281,511.40002,-1253.023,893.4758,1091.5602,-110.15975,680.1513,1066.0168,110.13603,843.9751,1538.2422,-82.62638,277.34546,1327.9257,-478.3269,798.3351,1911.0378,687.84424,730.4852,1293.0577,691.38586,777.166,1951.3239,752.20374,779.2161,1245.9442,815.46625,821.2023,2040.3798,352.6819,810.33484,1456.7811,740.25037
00000131.png,1095.8077,183.40686,-285.95572,1109.4968,165.93549,-251.5765,1118.1511,166.74243,-251.61543,1124.2706,167.21074,-251.67667,1085.4706,163.35477,-243.4776,1077.4047,163.20213,-243.51576,1070.3873,163.37212,-243.57242,1139.1003,175.62157,-49.79239,1063.1462,171.87251,-7.761231,1110.9298,208.27783,-207.55557,1081.9968,207.27087,-196.12576,1193.1239,289.57092,-0.5491035,1010.10474,274.13055,105.372765,1241.689,413.82895,-280.27673,935.6679,383.09985,-162.80263,1112.9897,352.52963,-602.988,1067.9591,350.51764,-517.7861,1098.0293,325.6625,-663.90686,1091.7454,329.3394,-600.74963,1094.1418,320.04672,-624.8034,1091.4988,323.76526,-550.3948,1096.7483,329.2777,-590.4621,1086.6997,332.42386,-506.20782,1131.9358,558.3765,-82.55774,1013.71375,542.0077,82.512054,1103.3654,760.49945,-198.15688,855.3228,670.9801,-300.7811,1085.4075,951.70996,103.561,1034.8674,788.487,218.00061,1080.2976,974.1911,120.2435,1052.6011,780.3456,268.36856,1072.1156,1029.5024,-141.30148,1062.4503,873.7023,155.83989
00000138.jpg,666.72327,113.078156,-189.85883,671.65857,103.25983,-168.96613,674.80865,102.92283,-168.99698,678.0266,102.8138,-168.99722,662.44257,103.12532,-167.25206,658.7319,102.878815,-167.27254,654.73303,102.36797,-167.31596,682.2803,107.3369,-46.885483,649.4163,105.9999,-39.768764,672.121,122.631615,-144.50351,659.6621,121.85959,-142.72377,715.0916,167.0495,-9.268376,619.27,163.09126,9.218056,727.584,236.20683,-156.1902,606.395,229.26697,-133.31717,673.3888,181.55768,-339.1842,662.7177,174.74878,-336.34274,670.40704,163.62474,-371.9872,667.70624,157.73672,-380.65134,670.2984,159.86003,-357.58154,665.84625,153.01154,-361.2763,671.00616,165.4956,-336.31122,664.7237,158.46912,-333.0364,684.1386,308.24567,-26.155577,631.022,304.23752,26.300066,675.22766,415.7348,-21.031221,543.593,366.05283,-136.13562,658.2275,513.75104,119.87641,645.564,347.9342,179.2794,654.28656,525.8045,130.22746,658.9345,339.10767,212.9678,650.52563,548.47363,17.16621,672.9063,390.74792,198.20168
00000142.jpg,150.20787,54.865147,-130.0796,153.27435,48.799885,-116.154785,155.39697,48.69597,-116.146484,157.03787,48.72253,-116.158585,145.92172,48.9167,-116.08905,143.52074,48.924507,-116.13709,141.11958,49.049168,-116.14881,160.96088,52.23469,-35.880814,137.19962,52.553635,-36.857494,155.04254,62.019047,-99.477684,145.86913,61.974483,-99.88893,182.9105,94.70242,-2.921265,117.40174,89.63967,9.990685,203.2457,137.68842,-59.115215,94.81724,131.68137,-34.517803,158.4168,125.65745,-135.08168,139.88469,125.40454,-98.22051,151.70294,114.65555,-149.189,150.07736,114.441444,-116.6025,151.38307,111.82233,-138.95969,148.65338,112.19678,-102.07945,152.63167,114.80965,-130.91182,146.89671,115.533295,-92.75318,158.99182,188.82237,-26.400036,123.65752,182.04993,26.45978,142.47208,262.6996,-20.88194,58.761997,217.71695,-71.67773,135.79393,332.76334,87.17696,125.554794,219.07529,149.23071,134.15042,340.38705,95.118965,136.25475,214.23058,173.4082,134.31097,354.43924,24.565338,140.78261,249.61974,172.0084
00000155.jpg,151.15042,84.521225,-147.41711,155.1276,75.90442,-128.45589,157.68306,76.153496,-128.50058,160.5086,76.376274,-128.5266,146.78624,74.57521,-128.95518,143.12543,73.90935,-128.97339,139.43881,73.40897,-129.00494,162.84273,80.08308,-18.946524,130.56026,76.466225,-23.742268,154.42651,93.87852,-106.383865,143.45288,92.1801,-107.876335,184.78773,139.32259,14.729281,102.51387,130.79124,33.18587,197.61469,205.00317,-118.9469,92.20212,200.67128,-90.096756,161.74347,161.56528,-304.77582,140.09872,152.23761,-284.62775,160.17226,144.50458,-336.7668,146.95793,138.95105,-324.3717,160.66144,138.85568,-321.4235,143.85738,134.24074,-306.49426,159.29306,143.0877,-301.74017,142.38565,138.35709,-281.21658,158.15855,265.99332,-28.216736,112.11739,259.1378,28.302057,137.83969,383.6777,-18.302471,23.889221,302.5534,-94.808044,124.4784,481.61194,67.21511,123.04381,328.6985,158.20674,119.94344,493.69724,72.0702,138.40561,307.05356,185.04086,126.88681,509.82117,-32.44096,140.16617,360.54614,168.71158
00000167.jpg,619.1373,102.52842,-227.84023,625.8922,91.21819,-208.93584,629.14355,91.08485,-209.00604,632.51013,90.93393,-209.0741,612.90405,91.418846,-205.41353,608.3217,91.14267,-205.42615,604.3411,90.90905,-205.42967,638.66595,94.87597,-77.92463,597.9899,94.527596,-61.99043,626.2543,114.0547,-176.33347,611.5172,113.9659,-172.01878,670.8039,157.08931,-18.21791,567.00555,156.02156,40.02069,684.5106,257.16354,-128.02647,553.5239,256.32523,-65.214424,623.48627,221.5025,-343.84464,602.83765,216.0567,-325.295,614.5614,205.91283,-385.89142,610.6846,199.96362,-379.2364,616.15497,198.42204,-376.69687,608.39575,194.4013,-367.02582,618.3564,201.18541,-343.0414,606.93933,197.02092,-326.07672,643.83594,318.88773,-37.642044,583.2543,311.95953,37.73063,638.2367,453.70352,-76.13985,478.9056,397.4387,-159.9839,636.6157,574.49115,146.74318,599.9765,445.9752,149.57585,635.03955,584.76715,163.00029,614.7122,438.71265,179.3068,630.4758,611.98,14.839082,622.8004,494.3515,102.93881
00000172.jpg,323.57013,47.479424,-173.91768,327.6801,41.684746,-161.42929,330.27484,41.585,-161.47156,332.21747,41.523254,-161.51077,320.2857,41.87115,-158.90276,317.90677,41.885517,-158.9184,315.71277,41.877888,-158.95038,335.50104,44.096363,-83.29174,314.18964,44.329727,-71.239174,328.71094,54.902832,-144.28098,319.79114,54.721313,-141.08342,355.2795,84.44012,-51.226765,296.80835,84.92957,-23.28669,363.40652,133.54291,-141.36473,283.0591,133.47418,-110.2072,327.2746,102.10631,-264.65726,314.9512,101.901024,-257.13434,323.50745,90.81742,-291.07404,318.09824,90.351326,-290.0193,324.539,87.774704,-281.50797,317.91296,87.19353,-279.5076,325.67438,91.18117,-263.22232,317.6908,90.31955,-256.66022,337.27386,181.5291,-18.087723,303.32138,179.21396,18.05052,333.41733,252.28165,-45.339832,272.47726,242.9972,-62.71128,322.1051,312.9765,111.3832,309.52658,293.23776,141.94826,322.80606,319.4353,123.57611,316.34442,294.47787,160.51872,319.5548,337.79578,42.817703,314.94614,326.48438,103.68149
00000176.jpg,545.1155,278.72528,-420.9197,563.2704,248.90396,-386.155,575.27167,248.82611,-386.16605,587.466,248.31494,-386.29736,519.3085,250.66129,-374.74164,505.59003,252.11311,-374.67996,493.64597,253.85274,-374.79153,606.7144,262.63715,-145.36156,477.7653,270.6707,-91.74463,568.35516,313.5652,-324.59787,522.3497,313.47845,-309.75854,696.76544,462.8503,-49.80196,384.6257,446.5219,81.22896,718.89667,737.4956,-274.58255,323.98935,715.1369,-182.14368,551.5033,585.80884,-564.9619,481.82504,575.83496,-638.0589,528.7565,535.6528,-583.28577,509.178,520.27924,-708.9139,531.88776,507.86307,-509.20813,500.97516,492.92746,-631.39636,538.98706,527.3197,-528.10187,497.47275,510.62775,-613.9713,560.7843,925.03735,-101.55796,385.31506,883.9174,101.71081,502.70117,1288.928,-224.3222,68.01045,1104.0345,-358.61343,476.96295,1573.642,297.14993,416.1344,1075.9722,335.6944,458.7306,1607.1968,342.22125,471.98392,1044.8789,418.79327,468.16553,1712.356,134.1457,461.81137,1240.4922,443.7447
00000178.JPG,120.456535,69.44324,-104.30445,123.83991,62.529366,-90.807465,125.53935,62.45,-90.814476,126.98209,62.29879,-90.84968,116.98228,62.807426,-91.97748,114.352036,62.727642,-91.99443,112.20747,62.57873,-92.041565,129.83763,64.740234,-15.430236,107.98698,64.77092,-19.044722,124.43293,75.539894,-76.04152,116.15253,75.532974,-77.16625,150.98816,102.37285,19.640818,88.04919,102.53322,-4.1137676,160.25624,147.204,-55.99392,73.321335,146.2001,-88.20795,123.68196,112.83653,-165.70972,113.84918,113.30804,-179.02637,119.34158,99.31427,-186.2376,117.56257,101.096176,-198.0977,120.10336,96.86292,-173.7451,116.057434,97.334435,-185.40468,120.97724,100.700005,-162.84183,115.17135,101.479904,-174.86076,144.8164,192.99945,16.346588,109.34484,201.3872,-16.292933,203.8561,214.77771,-110.685295,112.42519,270.2217,-52.936474,133.34564,226.87346,45.963818,127.551895,338.1839,61.185474,121.59235,222.60933,61.60531,131.72403,345.91507,69.509865,115.35428,257.24185,22.067333,126.99933,355.05634,-3.551266
00000179.jpg,257.46127,138.60503,-247.40286,267.9591,127.68169,-235.13896,272.43436,128.08606,-235.12277,276.8167,128.45468,-235.1378,261.13684,126.74019,-222.35213,260.18573,126.48891,-222.4265,259.433,126.19022,-222.51944,293.74716,136.3367,-152.58566,271.39304,133.43216,-97.528854,264.56424,153.62341,-216.52856,256.92236,152.62984,-200.682,335.67322,210.32703,-113.1223,234.00879,212.43869,-35.431694,386.25644,287.24365,-173.99507,189.3679,288.12302,-110.724365,298.37143,287.91895,-250.18987,268.67007,288.8841,-269.53043,287.18588,274.85513,-269.85754,283.67017,275.17105,-308.3842,286.15305,268.5562,-252.21274,284.1371,268.42044,-285.48682,288.6883,274.14255,-240.68388,281.11765,273.92752,-262.36356,306.77017,369.76868,-42.664246,249.15154,359.6519,42.55436,297.2358,493.5979,12.9183235,145.30107,424.41617,-113.5415,271.35446,593.0011,238.92757,265.66138,408.9194,177.30766,268.15262,604.39136,258.53522,279.59183,399.455,208.73686,273.4205,629.1804,159.2285,284.27158,452.37262,190.75075
00000181.jpg,631.04913,231.00508,-244.12067,637.7642,219.24666,-222.039,642.84576,218.67517,-222.05685,646.7825,218.01627,-222.0924,622.5588,221.17984,-213.0822,617.3096,221.65709,-213.08928,612.43335,222.01015,-213.11394,655.3284,222.39555,-71.498215,607.65765,229.50331,-31.20131,642.6916,243.62022,-185.07536,623.2937,245.48601,-173.86223,701.159,303.80185,-21.77705,577.7738,299.72043,68.22566,756.23035,381.16556,-195.8486,516.9119,380.1137,-97.75618,656.0186,367.4981,-384.9034,612.31995,367.23477,-333.23236,643.47046,346.11853,-421.37393,632.22394,345.34894,-386.41064,643.4209,341.9289,-395.1282,633.4423,344.60306,-349.11877,645.9027,348.49582,-374.70886,629.4273,352.36566,-322.24484,653.22205,516.73706,-64.56877,581.7538,505.45743,64.641106,633.1402,685.2943,-63.533554,448.88248,568.8725,-150.31284,622.63586,824.6971,141.2213,597.07043,637.73956,137.25902,623.1957,836.7542,155.3853,613.33453,631.4106,165.19716,609.8502,861.0314,-13.6819515,621.6294,699.86456,86.883385
00000188.jpg,417.8617,333.60898,-248.18993,425.98276,319.0015,-222.83139,431.3026,318.35373,-222.8872,435.89404,317.75858,-222.89595,411.12292,320.43503,-218.23235,406.35016,320.801,-218.28133,401.50497,321.06268,-218.3409,443.16312,323.0835,-74.7978,396.21332,326.2507,-54.49466,429.25195,346.14075,-192.92723,410.47946,346.9296,-187.30412,489.66565,402.70724,-31.084661,359.9397,404.53085,8.402505,502.3178,501.0019,-198.0473,338.4749,500.7304,-166.84846,425.00104,436.0355,-403.64352,419.39667,435.65924,-425.92346,412.03827,413.56302,-443.77274,426.56128,417.1781,-483.24652,414.23938,407.6009,-421.70422,424.3867,409.4022,-455.4871,417.69745,414.54,-396.93747,422.84506,415.74445,-420.12222,436.70642,608.7405,-36.2697,365.88913,590.40076,36.30515,410.09662,754.11536,-8.880268,240.44737,661.1995,-172.08678,397.48215,870.7593,250.17958,374.58795,660.5829,202.65541,393.12402,885.0988,272.4606,392.94406,651.3773,243.48215,399.1679,911.2648,147.22882,401.94067,718.47217,228.55927
00000194.jpg,80.01265,31.562618,-114.220604,83.33975,25.464314,-106.08082,85.414955,25.36511,-106.12109,87.127235,25.229336,-106.1743,76.48121,26.026627,-102.595116,74.1472,26.400269,-102.59471,71.98425,26.7625,-102.627144,90.85773,27.722576,-51.579754,70.916405,30.02636,-35.70152,84.81594,38.130844,-93.21096,76.591125,38.16055,-88.77672,111.30615,59.658066,-34.760574,66.44276,64.3296,16.137945,124.46997,106.34099,-109.20237,51.557472,103.555305,-29.39242,93.68516,77.074005,-198.08153,67.662346,75.62151,-142.41385,89.39433,67.02719,-210.70209,72.42087,65.72629,-159.9557,88.84624,63.768353,-200.316,72.47893,63.28727,-153.21797,89.04311,67.32357,-193.85574,72.29876,65.82625,-142.51735,93.99704,132.12534,-22.134823,69.358864,130.4534,22.271399,87.64312,192.05067,-40.745304,19.03173,154.57265,-105.03204,83.356575,257.13953,10.216826,78.55441,158.35583,9.319995,81.90347,263.0442,12.661686,82.25346,148.26303,21.59675,77.25489,276.16782,-56.96008,87.88418,175.53847,0.9434998
00000201.jpg,383.9466,134.2472,-373.0299,395.63055,114.09503,-330.8173,401.9801,113.66702,-330.90225,408.04056,113.17386,-331.04004,372.93558,115.141846,-339.38614,365.66577,115.03665,-339.39023,358.8758,114.986694,-339.40936,417.09952,121.07617,-80.36708,349.03793,123.31067,-113.91583,397.38086,153.90686,-277.0446,370.21408,154.16846,-286.82834,472.05402,240.88828,79.35068,286.50046,232.95267,-28.535254,522.0725,370.12302,-107.546036,217.01904,355.28537,-214.6962,403.49835,346.07104,-531.4635,342.23193,345.3256,-532.7409,385.3699,321.36896,-613.14905,363.7064,324.4876,-605.6762,383.70526,307.28394,-590.3677,364.5136,311.8005,-585.724,387.4353,313.17975,-529.8328,361.0856,317.5538,-526.7256,428.30884,506.1306,76.40268,324.34814,512.038,-76.39319,586.35364,660.2595,-97.3354,338.84073,733.2168,-115.34196,389.39844,625.0939,484.7033,366.22128,918.11633,242.0632,361.58643,595.3161,542.64825,376.6927,940.60187,268.4845,349.4823,714.0428,453.47296,365.4011,977.3286,39.71822
00000203.png,364.03006,78.2039,-116.272095,368.46893,70.13238,-96.80835,370.6354,70.09525,-96.8337,372.82126,70.13671,-96.89425,358.5481,71.01758,-98.92925,354.46997,71.72724,-98.93457,351.34787,72.6025,-98.9874,378.06342,75.01146,8.5472555,347.06177,78.192894,2.3143494,370.50378,88.30659,-76.5964,358.18497,89.871284,-78.53336,408.09726,127.89382,57.499115,327.3329,129.4056,13.900921,420.22244,186.96603,-49.3434,314.9973,185.39362,-93.235725,376.49426,140.20952,-203.78712,365.5588,139.29535,-211.41028,370.96384,126.49958,-236.07948,369.6665,125.086266,-239.71114,372.07104,122.00868,-220.53116,367.56006,119.98825,-227.65102,373.32648,126.709625,-201.16223,367.20862,125.168045,-208.14459,394.59952,248.80087,28.247082,350.31833,256.4584,-28.199099,478.04608,298.43243,-89.87631,365.53278,359.72025,-51.91027,388.71274,294.7442,176.90285,384.97577,449.78473,100.15786,374.68274,288.9927,203.72006,387.9682,461.40338,110.969315,373.44376,334.71216,164.6322,387.2763,476.87778,8.817264
File11.jpg,570.3725,119.01891,-193.41444,575.51904,109.55493,-168.72357,579.1044,109.534615,-168.7626,582.68787,109.69389,-168.82591,565.2404,109.33159,-173.81233,560.69025,109.29543,-173.80928,556.8768,109.05755,-173.81683,587.6634,114.474335,-29.141138,550.68976,113.462166,-50.85324,576.7431,131.35861,-140.64978,563.0538,129.39615,-147.06136,617.2457,182.32765,45.5528,517.3663,178.81781,6.6477647,631.6168,262.9831,-54.287838,491.44412,258.81155,-94.98962,581.37445,231.53494,-291.95697,552.9108,231.32722,-292.71365,571.819,217.1913,-338.65387,560.4844,218.86829,-334.44595,570.8215,209.2474,-328.89423,559.89825,212.7759,-324.91913,572.78076,213.28857,-291.89996,558.9029,216.20105,-290.56656,601.9499,320.98672,33.415546,545.7831,330.77832,-33.37883,700.4667,391.656,-74.668945,564.2983,455.83102,-77.75866,593.0287,376.96402,248.65823,580.0093,572.2548,100.957214,577.0855,366.1984,280.47137,583.12427,584.57904,113.17447,575.6275,425.19006,237.50433,575.3787,602.63245,-14.870956
File18.jpg,186.04253,48.774673,-119.71949,191.13733,40.41234,-98.1073,194.28462,40.274204,-98.096085,197.21756,40.400997,-98.08389,180.09848,41.654602,-94.11625,176.31833,42.39388,-94.163895,173.02348,42.85954,-94.20659,202.97636,45.482235,8.471957,168.76013,48.53219,26.328793,192.96341,59.781075,-81.018745,179.63531,60.08385,-76.08697,232.49104,106.86118,11.803638,143.1277,108.99884,67.91432,266.66702,154.43715,-136.82452,108.51216,162.72095,-80.40887,195.69339,130.2723,-269.56793,172.0123,133.00124,-242.17696,185.29402,116.021774,-292.7801,181.8609,116.46983,-279.29532,184.69083,112.57231,-272.1156,180.53989,113.94361,-250.56668,187.29123,117.30466,-261.95557,179.20155,119.86038,-234.58475,205.72272,248.8426,-45.911736,153.26173,243.23479,45.95312,196.20126,340.16037,-123.074486,67.06488,301.636,-102.40715,179.06154,452.52866,-5.7329226,171.98997,301.11472,157.73604,174.86256,464.21896,0.8996918,188.33354,292.39246,184.99727,171.3184,480.82913,-113.94655,192.96107,327.77917,165.20932
File25.jpg,100.855675,26.663357,-78.70802,103.25779,22.907036,-71.61402,104.38838,22.795784,-71.63312,105.426346,22.753466,-71.63875,98.894485,23.203342,-70.405945,97.34671,23.220617,-70.41884,95.95278,23.230564,-70.43283,107.4017,24.149645,-27.759413,94.063095,24.517464,-22.568377,103.423515,30.64934,-62.0274,98.20458,30.48768,-60.548218,118.617645,45.937843,-9.874053,84.19456,46.402054,1.9721212,125.323555,73.71114,-60.085064,79.18321,74.63608,-45.513844,103.57191,58.30847,-133.73093,99.02921,56.350266,-127.778175,101.46766,50.986515,-146.30936,100.4982,49.203007,-144.67868,101.79341,49.06677,-141.29831,99.398575,47.85073,-137.48155,102.47012,51.262707,-132.60587,99.36842,49.740536,-126.5977,108.717834,102.7124,-8.55273,89.44955,100.585106,8.594262,101.62572,141.56485,-6.6966066,65.69585,133.64326,-58.697975,96.03536,178.30542,62.426495,100.40116,114.85986,74.366425,94.17497,183.05597,67.88915,102.76402,111.160065,88.7026,95.8318,189.55113,29.67108,107.740425,123.57468,84.78967
File40.jpg,303.17484,16.233982,-264.1633,310.86685,-21.009409,-245.44202,316.67032,-21.522156,-245.5582,322.45584,-21.960182,-245.68904,294.58453,-20.359762,-244.13148,292.41165,-10.580516,-244.19888,287.26917,-12.816982,-244.34393,331.11472,-11.238926,-101.92507,279.1988,-20.626373,-93.35406,310.80646,31.255606,-205.37994,293.92535,26.97268,-203.17546,379.5841,58.546936,-32.159855,230.57727,47.22356,-14.770179,426.00867,168.34479,-194.18317,188.56725,160.10684,-106.38095,318.7239,128.32709,-416.70767,291.95923,127.07622,-243.17926,310.50974,107.23105,-456.58066,305.68237,103.7593,-280.08728,312.4921,100.45212,-425.4135,304.8735,99.71387,-253.29723,313.79684,106.36399,-405.78094,302.65622,105.90542,-232.51923,328.4504,279.38104,-33.783405,244.67244,260.393,34.15289,296.96017,430.75156,-116.349754,112.748474,326.12628,-307.85773,286.66986,555.0558,168.60521,268.65677,359.744,34.610985,280.21008,571.4653,196.09111,294.0852,352.7821,72.52015,302.63864,601.54425,78.458336,290.14255,416.9306,16.3056
File41.jpg,474.88568,123.58977,-149.351,478.74466,115.15953,-129.20865,481.08347,115.26963,-129.2443,483.8931,115.401,-129.27399,470.34814,114.23213,-130.29022,466.58246,113.84008,-130.32239,462.66425,113.46341,-130.34155,486.43655,119.4218,-14.340221,453.9829,116.93802,-21.143932,478.39197,133.65198,-106.11259,466.92398,132.17047,-108.234665,510.82507,180.4034,24.427519,426.713,171.17545,42.98226,525.03766,246.24529,-95.6636,418.12317,241.44725,-71.81375,494.13947,208.70673,-281.3005,453.91382,199.69646,-282.11765,492.33572,193.62708,-316.77875,463.20175,185.27733,-327.40506,492.26416,187.34541,-304.12,462.03104,180.8254,-314.01938,490.63147,191.37218,-279.65005,460.34232,185.09987,-281.4101,483.30557,304.79028,-32.71546,435.65015,299.37833,32.8419,462.2564,418.41772,-14.726824,347.34323,346.26474,-116.08621,451.1451,518.5573,111.325485,445.29178,361.96902,153.98172,446.4054,527.66046,119.39178,462.11804,352.59848,182.18716,445.60312,547.2872,6.439457,467.22943,410.7807,156.02133
File42.jpg,250.40723,80.309006,-351.04913,258.30383,65.232796,-326.06696,263.4209,64.70105,-326.12506,267.3115,64.54204,-326.1483,242.40263,67.13902,-319.55664,236.8738,68.14087,-319.6144,231.59856,69.09404,-319.66266,274.91397,71.13864,-154.07133,225.13643,76.57465,-126.26858,261.46652,96.562836,-285.18378,241.93501,96.61131,-277.26535,323.936,165.20651,-74.32019,184.41338,162.31525,-14.701538,331.74866,280.95383,-266.80066,175.76787,284.78018,-219.53505,256.2987,203.49307,-552.2694,240.65295,204.97685,-581.64795,250.71764,173.33159,-601.3419,246.62076,179.97482,-653.09485,252.80547,165.60576,-587.21674,242.17767,173.04663,-627.12384,255.19278,173.70116,-549.63556,242.69948,180.62996,-579.4608,276.6421,379.4097,-36.19788,207.1846,375.27512,36.349983,254.98259,537.5508,-4.3471985,115.84483,516.2362,-240.50897,231.01349,686.35345,237.42274,258.00974,438.425,217.95264,224.58044,701.22284,254.00337,266.97098,424.3251,266.99533,226.46979,736.21356,91.29228,286.40656,472.63098,241.05281
File47.jpg,152.67804,28.427658,-106.768456,157.27882,22.068012,-93.6543,159.62544,21.986223,-93.66098,161.5279,22.064945,-93.69492,148.98218,22.365927,-94.998146,145.93192,22.687862,-94.993416,143.12321,22.979195,-95.02741,165.03418,25.109179,-19.955404,140.31824,25.636696,-24.405903,157.85529,36.169304,-79.1024,147.58969,35.93408,-80.45273,186.29623,67.572754,19.194012,119.79063,67.02573,-4.589783,199.1441,120.61083,-41.81782,102.72462,117.64937,-72.784805,161.25108,96.70886,-157.60522,142.96883,95.58359,-165.50493,154.80965,84.985435,-178.56306,151.36435,84.568085,-184.0398,155.262,79.36611,-166.81497,150.77087,79.127785,-173.56113,156.55846,82.96125,-154.39949,149.19026,82.75647,-161.66882,175.88243,159.48294,21.04985,137.62656,167.39899,-21.06959,242.99644,183.108,-87.55579,153.03735,244.69322,-44.290577,169.1611,196.93085,77.387245,162.61269,315.2067,50.910934,155.66817,194.12004,94.02188,165.3529,322.59412,57.613934,158.17325,230.56636,63.260223,163.3839,335.71136,-15.892363
File72.jpg,276.37183,39.670517,-124.85483,280.72995,33.291065,-105.760315,282.71298,33.457195,-105.77745,285.16092,33.64067,-105.83491,272.72025,33.361565,-110.01496,269.2612,33.50283,-110.020294,266.1444,33.631958,-110.01837,289.2637,37.441837,-4.4191637,261.61215,37.518585,-22.291256,281.94363,48.117947,-87.27622,271.17255,47.605587,-92.50687,311.54947,83.708115,49.43695,238.00108,84.49877,-3.7807467,339.42648,132.30043,-42.43961,210.82628,129.63449,-91.185905,287.07397,121.05619,-209.95187,265.04584,124.53772,-205.74516,278.80972,107.964645,-242.48045,273.40228,113.62105,-233.69164,278.2057,104.72046,-228.42274,272.95624,110.29563,-223.1365,280.18088,108.415985,-207.56343,271.72287,114.28297,-202.1768,299.0001,186.50229,36.567657,259.76413,193.58784,-36.586823,379.2828,218.76054,-48.80417,273.07504,283.87656,-67.61763,298.24045,225.62094,164.23676,287.80988,365.93384,52.71845,284.3388,220.13037,185.42178,291.4053,374.2044,61.217205,275.58084,259.7456,153.89331,293.7861,395.01544,-30.61596
File83.jpg,345.7476,44.903828,-148.97672,349.9855,37.926086,-133.47612,352.50632,38.03668,-133.49718,355.64886,38.1626,-133.49066,341.33234,37.828674,-130.78085,338.10474,37.82619,-130.79909,335.28772,37.84964,-130.82388,361.5306,42.488537,-43.02869,332.08987,42.147034,-32.31091,351.66995,53.6725,-115.267784,340.79276,52.696896,-112.21002,386.53503,87.443436,-10.791703,313.31168,90.37122,14.171644,401.2784,143.802,-108.06068,299.38068,145.20024,-91.628624,357.81558,112.68384,-252.56596,342.27438,114.84552,-267.53278,352.05078,97.625534,-278.02115,349.46957,100.24698,-303.3268,351.55197,94.64103,-268.0931,348.38974,97.46736,-287.23953,353.2892,99.41457,-250.1441,347.06656,102.62322,-264.52402,366.5639,201.4539,-22.231962,325.92334,195.78307,22.260042,352.82056,287.38177,-5.360378,259.01276,245.74408,-104.01254,342.94354,361.04947,122.41289,332.52493,227.62999,169.37662,337.93353,369.58347,132.33018,341.69254,221.18161,198.73203,343.1369,388.43423,52.76312,347.76352,254.09058,198.75577
File84.jpg,1089.9547,156.51797,-248.29167,1097.3484,138.42693,-208.61801,1103.7487,138.44502,-208.63586,1109.4901,138.50961,-208.76163,1080.1345,137.3391,-213.63763,1072.9774,136.84677,-213.64403,1065.1035,136.83302,-213.67638,1117.6244,145.8849,24.499235,1054.1147,143.59505,4.332927,1099.1274,177.44818,-158.95168,1076.767,177.92212,-165.04501,1168.3103,250.75238,136.573,999.9122,251.62732,90.6259,1238.3802,367.207,-68.2486,934.7281,375.66766,-112.905945,1111.0741,347.07846,-385.6227,1071.845,344.82477,-374.94263,1092.4247,314.16824,-454.43045,1091.2626,313.17346,-435.41733,1093.0547,305.4225,-418.3255,1089.6571,308.22314,-410.30682,1097.6561,314.87268,-376.7991,1085.8031,318.96448,-366.05652,1135.1332,516.34143,43.486073,1049.6036,527.03357,-43.50307,1320.5055,665.3585,-122.36378,1063.6449,740.42053,-102.97165,1125.4824,650.89044,467.5323,1108.3364,914.5503,276.69138,1093.6973,608.25476,528.5858,1115.9685,934.7535,307.68976,1080.8438,717.6029,463.8366,1109.5156,982.9722,115.05698
